Rank,Team,Score,Year
1,Brazil,2080.81,1998
2,France,2042.87,1998
3,Germany,2033.07,1998
4,Spain,2005.61,1998
5,Italy,1998.25,1998
6,Netherlands,1974.41,1998
7,England,1965.36,1998
8,Yugoslavia,1965.35,1998
9,Croatia,1923.7,1998
10,Argentina,1895.44,1998
11,Czech Republic,1887.95,1998
12,Romania,1886.05,1998
13,Portugal,1885.32,1998
14,Denmark,1884.03,1998
15,Norway,1865.38,1998
16,Mexico,1853.48,1998
17,Russia,1845.61,1998
18,Sweden,1842.97,1998
19,Belgium,1814.19,1998
20,Australia,1800.29,1998
21,Paraguay,1779.93,1998
22,Morocco,1769.64,1998
23,Chile,1764.01,1998
24,Uruguay,1756.82,1998
25,Bulgaria,1754.16,1998
26,Ecuador,1753.7,1998
27,Colombia,1752.11,1998
28,Scotland,1748.59,1998
29,South Korea,1738.45,1998
30,Greece,1726.8,1998
31,Austria,1723.69,1998
32,Slovakia,1721.09,1998
33,United States,1719.43,1998
34,Peru,1719.31,1998
35,Ireland,1715.05,1998
36,Japan,1710.49,1998
37,Nigeria,1708.97,1998
38,Poland,1694.79,1998
39,Egypt,1688.77,1998
40,Ukraine,1684.28,1998
41,China,1675.7,1998
42,Switzerland,1675.48,1998
43,Iran,1670.73,1998
44,Turkey,1669.59,1998
45,Israel,1664.01,1998
46,South Africa,1657.97,1998
47,Jamaica,1656.92,1998
48,Saudi Arabia,1654.93,1998
49,Georgia,1648.24,1998
50,Tunisia,1637.19,1998
51,Hungary,1632.81,1998
52,Kuwait,1631.25,1998
53,Costa Rica,1617.11,1998
54,Zambia,1616.7,1998
55,Bosnia and Herzegovina,1611.55,1998
56,Ivory Coast,1601.13,1998
57,Iraq,1590.96,1998
58,Northern Ireland,1586.87,1998
59,Wales,1581.18,1998
60,Cameroon,1578.63,1998
61,United Arab Emirates,1577.28,1998
62,Guatemala,1560.73,1998
63,Uzbekistan,1553.69,1998
64,Qatar,1544.74,1998
65,Finland,1544.52,1998
66,Macedonia,1544.47,1998
67,Canada,1528.0,1998
68,Slovenia,1525.64,1998
69,Honduras,1520.14,1998
70,Kazakhstan,1513.78,1998
71,Algeria,1506.92,1998
72,El Salvador,1498.69,1998
73,Dem. Rep. of Congo,1498.46,1998
74,Lithuania,1498.2,1998
75,Angola,1496.84,1998
76,Iceland,1493.31,1998
77,Tajikistan,1493.09,1998
78,North Korea,1492.76,1998
79,Ghana,1492.68,1998
80,Cyprus,1486.18,1998
81,Guinea,1479.95,1998
82,Kenya,1477.54,1998
83,Madagascar,1473.74,1998
84,Trinidad and Tobago,1473.21,1998
85,Congo,1471.67,1998
86,Zimbabwe,1471.12,1998
87,Syria,1463.02,1998
88,New Zealand,1462.25,1998
89,Mali,1451.37,1998
90,Gabon,1447.31,1998
91,Martinique,1442.07,1998
92,Sierra Leone,1437.77,1998
93,Senegal,1437.64,1998
94,Cuba,1434.27,1998
95,Burundi,1428.53,1998
96,Libya,1426.41,1998
97,Thailand,1425.59,1998
98,Jordan,1424.59,1998
99,Tahiti,1424.43,1998
100,Albania,1421.48,1998
101,Uganda,1416.39,1998
102,Latvia,1407.13,1998
103,Sudan,1398.86,1998
104,Fiji,1395.2,1998
105,Moldova,1389.68,1998
106,Burkina Faso,1388.91,1998
107,Haiti,1386.57,1998
108,Turkmenistan,1384.88,1998
109,Belarus,1379.32,1998
110,Togo,1371.77,1998
111,Armenia,1367.67,1998
112,Namibia,1364.7,1998
113,Guadeloupe,1362.9,1998
114,Liberia,1359.4,1998
115,Azerbaijan,1352.3,1998
116,Lebanon,1343.58,1998
117,Mozambique,1341.16,1998
118,Solomon Islands,1335.85,1998
119,Malawi,1333.92,1998
120,Niger,1332.52,1998
121,Indonesia,1332.46,1998
122,Bahrain,1326.23,1998
123,Bermuda,1323.82,1998
124,Gambia,1303.25,1998
125,Oman,1302.08,1998
126,Barbados,1299.37,1998
127,Tanzania,1294.65,1998
128,Grenada,1290.08,1998
129,Suriname,1278.0,1998
130,Singapore,1270.81,1998
131,Reunion,1258.83,1998
132,Cape Verde,1242.73,1998
133,Malaysia,1238.09,1998
134,Saint Kitts and Nevis,1234.18,1998
135,Saint Vincent and the Grenadines,1231.18,1998
136,Malta,1228.27,1998
137,Chad,1227.0,1998
138,Palestine,1225.26,1998
139,Eritrea,1225.1,1998
140,Saint Lucia,1224.06,1998
141,Benin,1220.24,1998
142,Faroe Islands,1216.71,1998
143,Netherlands Antilles,1214.62,1998
144,Hong Kong,1213.32,1998
145,Luxembourg,1204.25,1998
146,Vietnam,1203.23,1998
147,Estonia,1203.01,1998
148,Dominica,1188.66,1998
149,New Caledonia,1174.61,1998
150,Antigua and Barbuda,1162.37,1998
151,Swaziland,1160.55,1998
152,Lesotho,1159.8,1998
153,Mauritius,1143.34,1998
154,French Guiana,1133.3,1998
155,Myanmar,1121.35,1998
156,Dominican Republic,1112.33,1998
157,India,1107.67,1998
158,Rwanda,1104.01,1998
159,Papua New Guinea,1102.74,1998
160,Cayman Islands,1098.96,1998
161,Equatorial Guinea,1078.91,1998
162,Guyana,1067.56,1998
163,Andorra,1063.65,1998
164,Liechtenstein,1055.44,1998
165,Vanuatu,1043.61,1998
166,São Tomé e Príncipe,1042.93,1998
167,Cambodia,1015.81,1998
168,Puerto Rico,1015.8,1998
169,Botswana,1012.13,1998
170,Aruba,1002.62,1998
171,Laos,994.53,1998
172,Sint Maarten,956.04,1998
173,Sri Lanka,953.71,1998
174,San Marino,951.97,1998
175,Seychelles,948.01,1998
176,Mongolia,895.69,1998
177,Djibouti,889.82,1998
178,Comoros,860.85,1998
179,British Virgin Islands,783.61,1998
180,Maldives,782.13,1998
181,Brunei,775.01,1998
182,Nepal,752.63,1998
183,Philippines,716.71,1998
184,Tonga,701.22,1998
185,Guam,656.61,1998
186,Cook Islands,651.41,1998
187,Samoa,643.01,1998
188,American Samoa,519.51,1998
189,Anguilla,499.35,1998
1,Brazil,2072.44,1999
2,France,2055.05,1999
3,Spain,2000.38,1999
4,Italy,1990.55,1999
5,Netherlands,1970.7,1999
6,Yugoslavia,1940.52,1999
7,Croatia,1928.36,1999
8,England,1926.05,1999
9,Czech Republic,1925.67,1999
10,Argentina,1923.05,1999
11,Germany,1921.93,1999
12,Portugal,1910.05,1999
13,Sweden,1899.28,1999
14,Mexico,1892.12,1999
15,Romania,1889.24,1999
16,Norway,1884.35,1999
17,Denmark,1842.95,1999
18,Russia,1804.89,1999
19,Paraguay,1803.97,1999
20,Morocco,1793.94,1999
21,Belgium,1777.99,1999
22,Colombia,1766.95,1999
23,Iran,1761.89,1999
24,United States,1761.36,1999
25,Ireland,1759.59,1999
26,Uruguay,1751.04,1999
27,Chile,1750.59,1999
28,Poland,1750.36,1999
29,Peru,1728.57,1999
30,Greece,1723.55,1999
31,Austria,1718.17,1999
32,Ukraine,1717.82,1999
33,Ecuador,1712.25,1999
34,Israel,1712.0,1999
35,Scotland,1708.43,1999
36,Switzerland,1705.76,1999
37,South Korea,1697.62,1999
38,Turkey,1696.17,1999
39,Nigeria,1694.09,1999
40,Saudi Arabia,1692.57,1999
41,Slovakia,1692.46,1999
42,Egypt,1677.05,1999
43,Bulgaria,1669.27,1999
44,Japan,1666.63,1999
45,Bolivia,1658.27,1999
46,Tunisia,1649.02,1999
47,Kuwait,1648.97,1999
48,Hungary,1648.05,1999
49,South Africa,1639.79,1999
50,Zambia,1628.64,1999
51,Jamaica,1620.59,1999
52,Costa Rica,1617.48,1999
53,Iraq,1604.79,1999
54,Ivory Coast,1601.83,1999
55,Wales,1587.13,1999
56,Honduras,1575.89,1999
57,Slovenia,1575.81,1999
58,Cameroon,1575.8,1999
59,Ghana,1571.74,1999
60,Finland,1562.0,1999
61,Guatemala,1558.99,1999
62,Georgia,1557.63,1999
63,Iceland,1556.07,1999
64,Northern Ireland,1553.31,1999
65,Macedonia,1552.7,1999
66,Bosnia and Herzegovina,1546.82,1999
67,Uzbekistan,1545.52,1999
68,Trinidad and Tobago,1543.06,1999
69,Canada,1541.19,1999
70,New Zealand,1525.78,1999
71,Dem. Rep. of Congo,1517.09,1999
72,Algeria,1512.6,1999
73,Cyprus,1508.52,1999
74,United Arab Emirates,1507.18,1999
75,Cuba,1489.45,1999
76,Zimbabwe,1483.09,1999
77,Senegal,1470.02,1999
78,Angola,1467.5,1999
79,North Korea,1466.85,1999
80,Lithuania,1464.26,1999
81,Congo,1463.98,1999
82,Latvia,1459.36,1999
83,Guinea,1456.77,1999
84,Mali,1455.96,1999
85,Madagascar,1454.21,1999
86,Burkina Faso,1453.36,1999
87,Gabon,1452.59,1999
88,Syria,1449.42,1999
89,Albania,1440.72,1999
90,Tajikistan,1439.66,1999
91,Jordan,1437.13,1999
92,Kenya,1436.18,1999
93,El Salvador,1434.21,1999
94,Sierra Leone,1433.92,1999
95,Turkmenistan,1429.6,1999
96,Thailand,1425.43,1999
97,Belarus,1415.44,1999
98,Burundi,1415.06,1999
99,Moldova,1412.62,1999
100,Haiti,1400.34,1999
101,Libya,1393.83,1999
102,Liberia,1392.85,1999
103,Uganda,1380.79,1999
104,Togo,1374.11,1999
105,Venezuela,1373.24,1999
106,Martinique,1369.77,1999
107,Armenia,1366.25,1999
108,Sudan,1360.99,1999
109,Oman,1354.63,1999
110,Lebanon,1354.53,1999
111,Guadeloupe,1350.95,1999
112,Namibia,1339.09,1999
113,Indonesia,1332.35,1999
114,Panama,1331.85,1999
115,Azerbaijan,1327.73,1999
116,Barbados,1318.73,1999
117,Grenada,1308.93,1999
118,Singapore,1308.62,1999
119,Ethiopia,1304.77,1999
120,Gambia,1302.8,1999
121,Bermuda,1293.68,1999
122,Mozambique,1285.94,1999
123,Malawi,1282.75,1999
124,Estonia,1277.25,1999
125,Suriname,1277.24,1999
126,Saint Kitts and Nevis,1270.64,1999
127,Tanzania,1257.82,1999
128,Vietnam,1253.69,1999
129,Chad,1245.35,1999
130,Saint Lucia,1244.43,1999
131,Saint Vincent and the Grenadines,1243.99,1999
132,Palestine,1233.48,1999
133,Kyrgyzstan,1222.62,1999
134,Central African Republic,1215.53,1999
135,Swaziland,1212.08,1999
136,Malta,1209.4,1999
137,Mauritius,1209.1,1999
138,Faroe Islands,1208.55,1999
139,Eritrea,1204.72,1999
140,Malaysia,1200.01,1999
141,Luxembourg,1195.65,1999
142,Antigua and Barbuda,1183.46,1999
143,Hong Kong,1179.3,1999
144,Zanzibar,1172.46,1999
145,Netherlands Antilles,1163.76,1999
146,Dominica,1149.45,1999
147,Rwanda,1143.62,1999
148,Lesotho,1131.25,1999
149,Cayman Islands,1129.19,1999
150,Somalia,1125.67,1999
151,French Guiana,1122.54,1999
152,Myanmar,1113.78,1999
153,India,1112.29,1999
154,Dominican Republic,1111.66,1999
155,Belize,1082.47,1999
156,Liechtenstein,1078.28,1999
157,Equatorial Guinea,1068.37,1999
158,Guyana,1065.72,1999
159,Andorra,1048.82,1999
160,São Tomé e Príncipe,1033.16,1999
161,Botswana,1001.73,1999
162,Bangladesh,998.3,1999
163,Laos,977.41,1999
164,Cambodia,975.53,1999
165,Puerto Rico,945.38,1999
166,San Marino,944.22,1999
167,Nicaragua,932.64,1999
168,Sri Lanka,900.22,1999
169,Djibouti,882.29,1999
170,Bahamas,853.95,1999
171,British Virgin Islands,850.98,1999
172,Pakistan,850.44,1999
173,Maldives,831.98,1999
174,Brunei,768.03,1999
175,Nepal,745.6,1999
176,US Virgin Islands,724.32,1999
177,Philippines,706.53,1999
178,Guam,670.86,1999
179,Northern Mariana Islands,660.2,1999
180,Montserrat,614.47,1999
181,Bhutan,608.35,1999
1,France,2085.57,2000
2,Brazil,2059.67,2000
3,Spain,1993.2,2000
4,Netherlands,1989.72,2000
5,Italy,1972.36,2000
6,Argentina,1959.46,2000
7,Portugal,1959.36,2000
8,Czech Republic,1939.33,2000
9,Yugoslavia,1921.02,2000
10,Croatia,1903.3,2000
11,England,1887.45,2000
12,Germany,1872.61,2000
13,Norway,1863.47,2000
14,Sweden,1857.0,2000
15,Denmark,1853.6,2000
16,Romania,1851.04,2000
17,Mexico,1849.96,2000
18,Paraguay,1817.45,2000
19,Russia,1816.29,2000
20,United States,1806.9,2000
21,Belgium,1786.79,2000
22,Ireland,1782.51,2000
23,Australia,1770.31,2000
24,Colombia,1765.76,2000
25,Greece,1752.46,2000
26,Iran,1746.55,2000
27,Uruguay,1746.52,2000
28,Turkey,1743.26,2000
29,Poland,1739.48,2000
30,Scotland,1739.19,2000
31,Morocco,1726.69,2000
32,South Korea,1722.78,2000
33,Chile,1722.36,2000
34,Switzerland,1720.73,2000
35,Nigeria,1720.61,2000
36,Peru,1719.03,2000
37,Slovakia,1713.77,2000
38,Ukraine,1712.45,2000
39,China,1707.8,2000
40,Austria,1704.29,2000
41,Japan,1693.71,2000
42,Cameroon,1688.91,2000
43,Ecuador,1677.3,2000
44,Honduras,1675.43,2000
45,Egypt,1673.56,2000
46,Israel,1672.48,2000
47,South Africa,1668.81,2000
48,Saudi Arabia,1663.59,2000
49,Bulgaria,1662.8,2000
50,Canada,1655.31,2000
51,Kuwait,1645.57,2000
52,Tunisia,1642.58,2000
53,Slovenia,1639.62,2000
54,Hungary,1628.82,2000
55,Iraq,1623.24,2000
56,Costa Rica,1616.27,2000
57,Trinidad and Tobago,1614.65,2000
58,Bolivia,1612.94,2000
59,Iceland,1587.87,2000
60,Ivory Coast,1574.42,2000
61,Finland,1568.97,2000
62,Jamaica,1564.47,2000
63,Wales,1559.41,2000
64,Cyprus,1553.18,2000
65,Bosnia and Herzegovina,1548.85,2000
66,Ghana,1541.8,2000
67,Uzbekistan,1539.38,2000
68,Macedonia,1535.88,2000
69,Georgia,1529.69,2000
70,Qatar,1528.67,2000
71,Guatemala,1527.25,2000
72,Algeria,1525.18,2000
73,Zambia,1516.42,2000
74,Northern Ireland,1516.41,2000
75,New Zealand,1516.32,2000
76,United Arab Emirates,1505.54,2000
77,Zimbabwe,1499.17,2000
78,Thailand,1497.22,2000
79,Senegal,1491.96,2000
80,Guinea,1490.78,2000
81,Angola,1486.55,2000
82,Syria,1486.3,2000
83,Cuba,1485.72,2000
84,Dem. Rep. of Congo,1483.53,2000
85,Kazakhstan,1468.55,2000
86,Albania,1463.36,2000
87,North Korea,1447.93,2000
88,Madagascar,1444.49,2000
89,Libya,1444.16,2000
90,Latvia,1441.05,2000
91,Tajikistan,1440.54,2000
92,Mali,1438.7,2000
93,Jordan,1436.03,2000
94,Lithuania,1435.13,2000
95,Fiji,1429.64,2000
96,Congo,1424.92,2000
97,Moldova,1421.13,2000
98,El Salvador,1418.43,2000
99,Gabon,1417.1,2000
100,Haiti,1416.94,2000
101,Liberia,1415.9,2000
102,Burkina Faso,1409.84,2000
103,Venezuela,1406.26,2000
104,Burundi,1406.23,2000
105,Turkmenistan,1404.61,2000
106,Belarus,1402.6,2000
107,Togo,1398.42,2000
108,Panama,1395.21,2000
109,Uganda,1385.78,2000
110,Armenia,1384.13,2000
111,Kenya,1383.53,2000
112,Lebanon,1378.2,2000
113,Sierra Leone,1376.69,2000
114,Indonesia,1361.34,2000
115,Barbados,1350.52,2000
116,Tahiti,1341.22,2000
117,Estonia,1338.34,2000
118,Bahrain,1331.29,2000
119,Ethiopia,1330.22,2000
120,Namibia,1329.14,2000
121,Sudan,1326.94,2000
122,Niger,1320.88,2000
123,Solomon Islands,1312.75,2000
124,Oman,1305.63,2000
125,Grenada,1303.42,2000
126,Cape Verde,1301.91,2000
127,Gambia,1298.1,2000
128,Singapore,1293.32,2000
129,Bermuda,1291.08,2000
130,Azerbaijan,1283.43,2000
131,Chad,1281.81,2000
132,Suriname,1279.44,2000
133,Vietnam,1276.17,2000
134,Malawi,1271.85,2000
135,Saint Lucia,1269.94,2000
136,Saint Vincent and the Grenadines,1266.93,2000
137,Central African Republic,1248.48,2000
138,Benin,1245.31,2000
139,Mozambique,1243.35,2000
140,Saint Kitts and Nevis,1239.61,2000
141,Rwanda,1234.69,2000
142,Malta,1234.59,2000
143,Palestine,1232.86,2000
144,Mauritius,1231.46,2000
145,Tanzania,1231.44,2000
146,Malaysia,1219.56,2000
147,Hong Kong,1199.67,2000
148,Yemen,1195.19,2000
149,Eritrea,1194.92,2000
150,Guinea-Bissau,1194.85,2000
151,Swaziland,1193.67,2000
152,Mauritania,1192.42,2000
153,Faroe Islands,1192.38,2000
154,Kyrgyzstan,1183.49,2000
155,Luxembourg,1181.88,2000
156,Zanzibar,1171.75,2000
157,Antigua and Barbuda,1165.99,2000
158,Netherlands Antilles,1163.36,2000
159,Lesotho,1149.2,2000
160,New Caledonia,1146.74,2000
161,Dominica,1136.63,2000
162,Cayman Islands,1132.19,2000
163,Vanuatu,1120.39,2000
164,Myanmar,1114.86,2000
165,Dominican Republic,1111.69,2000
166,Somalia,1106.69,2000
167,India,1095.63,2000
168,Liechtenstein,1081.37,2000
169,Belize,1075.59,2000
170,Guyana,1068.64,2000
171,São Tomé e Príncipe,1064.77,2000
172,Botswana,1058.95,2000
173,Andorra,1057.01,2000
174,Papua New Guinea,1046.42,2000
175,Equatorial Guinea,1043.21,2000
176,Chinese Taipei,1031.93,2000
177,Bangladesh,1023.59,2000
178,Aruba,1004.83,2000
179,Macau,992.91,2000
180,Seychelles,976.65,2000
181,Laos,956.65,2000
182,San Marino,940.89,2000
183,Sint Maarten,935.26,2000
184,Cambodia,925.46,2000
185,Nicaragua,922.91,2000
186,Puerto Rico,915.85,2000
187,Djibouti,884.23,2000
188,Maldives,870.17,2000
189,Mongolia,869.96,2000
190,Sri Lanka,861.55,2000
191,Bahamas,852.21,2000
192,British Virgin Islands,842.03,2000
193,Pakistan,809.31,2000
194,Nepal,781.72,2000
195,Turks and Caicos,770.5,2000
196,Brunei,754.99,2000
197,Philippines,721.43,2000
198,US Virgin Islands,714.26,2000
199,Samoa,695.06,2000
200,Cook Islands,692.2,2000
201,Guam,663.32,2000
202,Tonga,660.46,2000
203,Montserrat,607.99,2000
204,Bhutan,564.58,2000
205,Anguilla,498.35,2000
206,American Samoa,460.56,2000
1,France,2118.94,2001
2,Italy,2019.87,2001
3,Argentina,2016.1,2001
4,Portugal,2009.53,2001
5,Netherlands,2000.31,2001
6,Spain,1957.68,2001
7,Brazil,1926.6,2001
8,England,1902.97,2001
9,Croatia,1890.35,2001
10,Germany,1888.66,2001
11,Czech Republic,1886.96,2001
12,Yugoslavia,1853.86,2001
13,Sweden,1846.78,2001
14,Denmark,1846.61,2001
15,Japan,1844.76,2001
16,Ireland,1841.73,2001
17,Romania,1834.32,2001
18,Russia,1834.14,2001
19,Paraguay,1826.33,2001
20,Australia,1824.94,2001
21,Colombia,1813.57,2001
22,United States,1799.4,2001
23,Belgium,1796.93,2001
24,South Korea,1786.91,2001
25,Poland,1776.9,2001
26,Mexico,1774.33,2001
27,Uruguay,1760.56,2001
28,Norway,1759.55,2001
29,Turkey,1752.47,2001
30,Iran,1741.99,2001
31,Scotland,1741.24,2001
32,Honduras,1723.59,2001
33,Ecuador,1722.06,2001
34,Cameroon,1721.36,2001
35,Slovakia,1717.37,2001
36,Austria,1714.74,2001
37,Saudi Arabia,1708.02,2001
38,Nigeria,1706.25,2001
39,Bulgaria,1700.49,2001
40,China,1697.12,2001
41,Costa Rica,1693.66,2001
42,Slovenia,1693.26,2001
43,Ukraine,1688.45,2001
44,Morocco,1685.82,2001
45,Switzerland,1683.85,2001
46,Greece,1679.22,2001
47,Peru,1672.96,2001
48,Israel,1671.76,2001
49,Egypt,1664.66,2001
50,Tunisia,1658.88,2001
51,Chile,1651.64,2001
52,South Africa,1651.56,2001
53,Finland,1651.35,2001
54,Hungary,1635.58,2001
55,Canada,1612.79,2001
56,Ivory Coast,1609.98,2001
57,Iceland,1605.51,2001
58,Trinidad and Tobago,1599.65,2001
59,Kuwait,1586.38,2001
60,Qatar,1578.2,2001
61,Iraq,1574.36,2001
62,Jamaica,1571.93,2001
63,Bolivia,1563.21,2001
64,Georgia,1557.98,2001
65,Guatemala,1556.99,2001
66,Wales,1554.37,2001
67,Bosnia and Herzegovina,1545.38,2001
68,Senegal,1540.79,2001
69,New Zealand,1530.62,2001
70,Algeria,1528.53,2001
71,Cyprus,1517.32,2001
72,Liberia,1516.74,2001
73,Northern Ireland,1511.48,2001
74,Angola,1508.36,2001
75,Macedonia,1502.64,2001
76,Ghana,1495.7,2001
77,Guinea,1493.89,2001
78,Thailand,1493.72,2001
79,Albania,1489.8,2001
80,Uzbekistan,1483.92,2001
81,Zimbabwe,1477.84,2001
82,United Arab Emirates,1477.34,2001
83,El Salvador,1476.08,2001
84,Belarus,1475.6,2001
85,Syria,1470.88,2001
86,Togo,1470.62,2001
87,Zambia,1468.65,2001
88,North Korea,1460.87,2001
89,Kazakhstan,1459.19,2001
90,Cuba,1457.19,2001
91,Venezuela,1455.35,2001
92,Dem. Rep. of Congo,1443.08,2001
93,Haiti,1440.94,2001
94,Gabon,1431.64,2001
95,Fiji,1426.0,2001
96,Bahrain,1421.37,2001
97,Latvia,1416.69,2001
98,Turkmenistan,1415.5,2001
99,Mali,1414.13,2001
100,Armenia,1411.38,2001
101,Lithuania,1405.97,2001
102,Burkina Faso,1405.14,2001
103,Moldova,1402.57,2001
104,Panama,1401.5,2001
105,Jordan,1399.75,2001
106,Martinique,1390.61,2001
107,Lebanon,1390.18,2001
108,Uganda,1387.15,2001
109,Libya,1382.47,2001
110,Congo,1379.98,2001
111,Madagascar,1377.65,2001
112,Kenya,1376.11,2001
113,Ethiopia,1372.25,2001
114,Sudan,1367.91,2001
115,Estonia,1361.6,2001
116,Indonesia,1361.08,2001
117,Oman,1354.2,2001
118,Burundi,1351.95,2001
119,Cape Verde,1333.7,2001
120,Tahiti,1327.57,2001
121,Barbados,1326.06,2001
122,Rwanda,1317.64,2001
123,Sierra Leone,1317.3,2001
124,Gambia,1307.41,2001
125,Guadeloupe,1302.73,2001
126,Solomon Islands,1298.33,2001
127,Grenada,1296.91,2001
128,Saint Kitts and Nevis,1296.7,2001
129,Namibia,1291.5,2001
130,Azerbaijan,1286.56,2001
131,Malaysia,1286.08,2001
132,Bermuda,1284.27,2001
133,Suriname,1274.44,2001
134,Malawi,1265.72,2001
135,Vietnam,1258.57,2001
136,Saint Lucia,1258.0,2001
137,Saint Vincent and the Grenadines,1255.51,2001
138,Mauritius,1251.18,2001
139,Benin,1241.74,2001
140,Palestine,1240.11,2001
141,Tanzania,1238.98,2001
142,Faroe Islands,1238.47,2001
143,Mozambique,1236.5,2001
144,Singapore,1223.23,2001
145,Malta,1215.17,2001
146,Mayotte,1212.11,2001
147,Eritrea,1205.12,2001
148,Guinea-Bissau,1202.16,2001
149,Yemen,1198.75,2001
150,Swaziland,1198.32,2001
151,Lesotho,1196.18,2001
152,Mauritania,1184.25,2001
153,Hong Kong,1177.03,2001
154,Kyrgyzstan,1166.99,2001
155,Zanzibar,1162.01,2001
156,Cayman Islands,1139.44,2001
157,Luxembourg,1137.15,2001
158,Dominican Republic,1123.43,2001
159,Vanuatu,1120.16,2001
160,India,1114.1,2001
161,Antigua and Barbuda,1110.92,2001
162,Belize,1100.14,2001
163,Saint Martin,1099.44,2001
164,Guyana,1097.09,2001
165,Botswana,1091.05,2001
166,Dominica,1073.51,2001
167,Somalia,1073.21,2001
168,Liechtenstein,1061.55,2001
169,Andorra,1051.24,2001
170,Chinese Taipei,1012.67,2001
171,Bangladesh,1011.99,2001
172,Greenland,1001.85,2001
173,Aruba,985.24,2001
174,San Marino,948.17,2001
175,Macau,923.27,2001
176,Nicaragua,908.28,2001
177,Cambodia,899.36,2001
178,Sri Lanka,896.66,2001
179,Maldives,894.24,2001
180,Laos,890.59,2001
181,Puerto Rico,888.42,2001
182,Djibouti,886.14,2001
183,British Virgin Islands,873.34,2001
184,Bahamas,852.61,2001
185,Nepal,852.3,2001
186,Mongolia,822.79,2001
187,Pakistan,791.62,2001
188,Brunei,734.75,2001
189,Philippines,710.82,2001
190,Cook Islands,708.57,2001
191,Samoa,704.48,2001
192,US Virgin Islands,701.64,2001
193,Tibet,680.59,2001
194,Tonga,668.46,2001
195,Montserrat,563.98,2001
196,Bhutan,561.32,2001
197,Anguilla,537.42,2001
198,American Samoa,415.62,2001
1,France,2028.41,2002
2,Netherlands,2012.89,2002
3,Argentina,1998.65,2002
4,Spain,1982.08,2002
5,Brazil,1964.84,2002
6,Italy,1958.42,2002
7,Portugal,1955.73,2002
8,England,1947.65,2002
9,Germany,1920.53,2002
10,Denmark,1894.43,2002
11,Ireland,1877.24,2002
12,Colombia,1872.3,2002
13,Sweden,1858.1,2002
14,Czech Republic,1850.37,2002
15,Croatia,1846.71,2002
16,Japan,1844.22,2002
17,Turkey,1836.41,2002
18,Mexico,1828.02,2002
19,Romania,1818.23,2002
20,Australia,1817.86,2002
21,Yugoslavia,1816.79,2002
22,Belgium,1814.64,2002
23,United States,1814.26,2002
24,Russia,1806.45,2002
25,Uruguay,1796.55,2002
26,Cameroon,1795.33,2002
27,Costa Rica,1763.98,2002
28,Norway,1758.53,2002
29,South Korea,1754.78,2002
30,Honduras,1754.69,2002
31,Nigeria,1743.52,2002
32,Paraguay,1737.6,2002
33,Senegal,1737.54,2002
34,Iran,1736.92,2002
35,Poland,1734.6,2002
36,Ecuador,1726.89,2002
37,Finland,1710.9,2002
38,Scotland,1698.67,2002
39,Bulgaria,1697.47,2002
40,Slovakia,1694.43,2002
41,Slovenia,1692.72,2002
42,Ukraine,1687.39,2002
43,Austria,1680.19,2002
44,Switzerland,1674.19,2002
45,Israel,1669.45,2002
46,Greece,1669.42,2002
47,Saudi Arabia,1658.82,2002
48,China,1652.86,2002
49,South Africa,1642.96,2002
50,Canada,1630.31,2002
51,Morocco,1625.27,2002
52,Tunisia,1625.05,2002
53,Egypt,1620.59,2002
54,Wales,1597.78,2002
55,Georgia,1593.53,2002
56,Chile,1592.44,2002
57,Iceland,1587.09,2002
58,Iraq,1580.47,2002
59,Hungary,1578.05,2002
60,Qatar,1577.0,2002
61,Venezuela,1576.31,2002
62,New Zealand,1554.75,2002
63,Bolivia,1554.47,2002
64,Belarus,1549.35,2002
65,Ivory Coast,1546.89,2002
66,Jamaica,1539.57,2002
67,Guatemala,1535.2,2002
68,Northern Ireland,1528.56,2002
69,Ghana,1525.28,2002
70,Trinidad and Tobago,1525.01,2002
71,Kuwait,1523.16,2002
72,Bosnia and Herzegovina,1517.96,2002
73,Angola,1512.57,2002
74,Cyprus,1503.51,2002
75,Liberia,1501.79,2002
76,El Salvador,1499.94,2002
77,Bahrain,1497.52,2002
78,Algeria,1494.47,2002
79,Haiti,1491.24,2002
80,North Korea,1490.71,2002
81,Guinea,1488.68,2002
82,Uzbekistan,1486.9,2002
83,Zimbabwe,1483.32,2002
84,Togo,1481.62,2002
85,Mali,1476.71,2002
86,Zambia,1472.82,2002
87,Dem. Rep. of Congo,1461.36,2002
88,Cuba,1457.86,2002
89,Macedonia,1457.46,2002
90,Kazakhstan,1456.88,2002
91,Albania,1442.64,2002
92,Thailand,1441.13,2002
93,Gabon,1436.69,2002
94,Latvia,1433.0,2002
95,Syria,1431.53,2002
96,Oman,1430.7,2002
97,United Arab Emirates,1424.19,2002
98,Martinique,1413.61,2002
99,Armenia,1413.59,2002
100,Kenya,1408.69,2002
101,Burkina Faso,1407.39,2002
102,Jordan,1405.84,2002
103,Fiji,1403.27,2002
104,Estonia,1392.46,2002
105,Sudan,1392.42,2002
106,Lithuania,1388.19,2002
107,Ethiopia,1386.33,2002
108,Kosovo,1386.19,2002
109,Lebanon,1382.99,2002
110,Madagascar,1380.11,2002
111,Congo,1373.08,2002
112,Saint Kitts and Nevis,1362.28,2002
113,Moldova,1361.27,2002
114,Tahiti,1359.3,2002
115,Indonesia,1358.16,2002
116,Libya,1358.05,2002
117,Burundi,1352.06,2002
118,Uganda,1339.28,2002
119,Gambia,1338.27,2002
120,Cape Verde,1333.93,2002
121,Guadeloupe,1333.68,2002
122,Rwanda,1319.72,2002
123,Barbados,1319.11,2002
124,Niger,1314.53,2002
125,Sierra Leone,1310.77,2002
126,Grenada,1308.38,2002
127,Azerbaijan,1304.72,2002
128,Malawi,1301.68,2002
129,Tanzania,1286.43,2002
130,Chad,1284.22,2002
131,Reunion,1277.73,2002
132,Suriname,1275.4,2002
133,Solomon Islands,1268.53,2002
134,Malaysia,1268.49,2002
135,Mozambique,1261.82,2002
136,Vietnam,1260.33,2002
137,Saint Lucia,1259.71,2002
138,Benin,1255.02,2002
139,Malta,1252.05,2002
140,Faroe Islands,1250.68,2002
141,Central African Republic,1239.22,2002
142,Palestine,1239.04,2002
143,Mauritius,1237.58,2002
144,Swaziland,1220.54,2002
145,Namibia,1214.97,2002
146,Singapore,1212.25,2002
147,Yemen,1209.01,2002
148,Eritrea,1164.32,2002
149,Netherlands Antilles,1162.46,2002
150,Lesotho,1148.74,2002
151,Zanzibar,1146.31,2002
152,Botswana,1145.7,2002
153,Cayman Islands,1138.15,2002
154,Mauritania,1133.55,2002
155,India,1129.65,2002
156,Belize,1127.93,2002
157,Vanuatu,1126.88,2002
158,Dominican Republic,1125.88,2002
159,French Guiana,1120.79,2002
160,New Caledonia,1119.18,2002
161,Myanmar,1109.49,2002
162,Luxembourg,1107.32,2002
163,Antigua and Barbuda,1105.53,2002
164,Guyana,1099.98,2002
165,Papua New Guinea,1077.58,2002
166,Saint Martin,1071.23,2002
167,Andorra,1070.1,2002
168,Somalia,1062.06,2002
169,Liechtenstein,1061.15,2002
170,Gibraltar,1052.53,2002
171,Dominica,1050.28,2002
172,Equatorial Guinea,1030.42,2002
173,Chinese Taipei,1011.53,2002
174,Seychelles,981.69,2002
175,Aruba,969.81,2002
176,San Marino,950.28,2002
177,Monaco,906.94,2002
178,Sri Lanka,905.71,2002
179,Nicaragua,899.96,2002
180,Maldives,895.81,2002
181,Laos,888.22,2002
182,Cambodia,882.14,2002
183,Puerto Rico,880.39,2002
184,British Virgin Islands,864.38,2002
185,Pakistan,781.96,2002
186,Philippines,707.14,2002
187,Samoa,704.28,2002
188,US Virgin Islands,695.37,2002
189,Tonga,663.59,2002
190,Bhutan,567.59,2002
191,Montserrat,552.41,2002
192,Anguilla,541.02,2002
193,American Samoa,386.66,2002
1,Netherlands,2034.65,2003
2,Brazil,2022.4,2003
3,Argentina,2018.53,2003
4,France,1999.4,2003
5,Spain,1983.96,2003
6,England,1954.58,2003
7,Czech Republic,1933.29,2003
8,Portugal,1928.25,2003
9,Italy,1913.99,2003
10,Germany,1908.03,2003
11,Denmark,1902.11,2003
12,Turkey,1879.53,2003
13,Ireland,1856.06,2003
14,Mexico,1847.24,2003
15,United States,1830.3,2003
16,Australia,1826.29,2003
17,Sweden,1825.54,2003
18,Uruguay,1816.67,2003
19,Croatia,1815.44,2003
20,Colombia,1802.94,2003
21,Romania,1793.73,2003
22,Japan,1792.24,2003
23,Belgium,1787.63,2003
24,Cameroon,1785.82,2003
25,Russia,1769.85,2003
26,Paraguay,1766.69,2003
27,Norway,1764.16,2003
28,Bulgaria,1759.15,2003
29,Senegal,1754.24,2003
30,Costa Rica,1753.78,2003
31,Serbia and Montenegro,1751.14,2003
32,Nigeria,1744.05,2003
33,Greece,1740.71,2003
34,South Korea,1739.62,2003
35,Ecuador,1724.92,2003
36,Switzerland,1718.41,2003
37,Poland,1709.34,2003
38,Iran,1706.59,2003
39,Honduras,1691.98,2003
40,Ukraine,1685.57,2003
41,Finland,1684.53,2003
42,Austria,1678.98,2003
43,Slovakia,1678.2,2003
44,Israel,1673.36,2003
45,Scotland,1661.83,2003
46,Saudi Arabia,1660.67,2003
47,Slovenia,1660.64,2003
48,South Africa,1659.33,2003
49,Wales,1656.64,2003
50,Peru,1645.51,2003
51,Tunisia,1641.32,2003
52,Egypt,1628.73,2003
53,Chile,1616.21,2003
54,Canada,1615.76,2003
55,Venezuela,1612.74,2003
56,Iraq,1611.81,2003
57,China,1602.67,2003
58,Georgia,1580.15,2003
59,Ivory Coast,1579.07,2003
60,Jamaica,1578.26,2003
61,Hungary,1577.9,2003
62,Morocco,1571.27,2003
63,Iceland,1562.16,2003
64,Bosnia and Herzegovina,1558.96,2003
65,Bolivia,1558.13,2003
66,New Zealand,1556.3,2003
67,Guatemala,1551.07,2003
68,Belarus,1540.27,2003
69,Cuba,1538.14,2003
70,Jordan,1535.04,2003
71,Qatar,1531.78,2003
72,Mali,1523.22,2003
73,El Salvador,1514.58,2003
74,Algeria,1509.08,2003
75,Kuwait,1501.08,2003
76,Kenya,1495.8,2003
77,Albania,1495.61,2003
78,Dem. Rep. of Congo,1492.87,2003
79,Guinea,1489.94,2003
80,Bahrain,1487.74,2003
81,Zimbabwe,1487.67,2003
82,Northern Ireland,1487.18,2003
83,Latvia,1483.1,2003
84,Angola,1480.65,2003
85,Uzbekistan,1480.14,2003
86,North Korea,1479.67,2003
87,Ghana,1473.03,2003
88,Haiti,1472.51,2003
89,Cyprus,1468.6,2003
90,Zambia,1464.18,2003
91,Macedonia,1459.14,2003
92,Oman,1455.66,2003
93,Liberia,1447.48,2003
94,Togo,1443.22,2003
95,Thailand,1439.36,2003
96,Martinique,1435.46,2003
97,Tajikistan,1435.16,2003
98,Burkina Faso,1432.63,2003
99,Kazakhstan,1430.27,2003
100,Armenia,1430.17,2003
101,Estonia,1430.13,2003
102,Trinidad and Tobago,1427.58,2003
103,Turkmenistan,1427.22,2003
104,United Arab Emirates,1416.41,2003
105,Lithuania,1407.42,2003
106,Syria,1402.2,2003
107,Gabon,1394.49,2003
108,Uganda,1392.44,2003
109,Panama,1389.79,2003
110,Fiji,1388.53,2003
111,Moldova,1383.6,2003
112,Congo,1375.64,2003
113,Saint Kitts and Nevis,1373.07,2003
114,Libya,1372.72,2003
115,Sudan,1372.15,2003
116,Lebanon,1362.73,2003
117,Gambia,1358.64,2003
118,Barbados,1358.2,2003
119,Guadeloupe,1355.27,2003
120,Madagascar,1352.47,2003
121,Indonesia,1348.31,2003
122,Rwanda,1344.66,2003
123,Sierra Leone,1343.79,2003
124,Azerbaijan,1337.28,2003
125,Cape Verde,1337.24,2003
126,Tahiti,1331.73,2003
127,Malawi,1327.6,2003
128,Niger,1325.14,2003
129,Benin,1313.06,2003
130,Ethiopia,1293.97,2003
131,Malaysia,1282.45,2003
132,Bermuda,1279.82,2003
133,Vietnam,1279.67,2003
134,Chad,1278.38,2003
135,Reunion,1277.92,2003
136,Saint Lucia,1275.19,2003
137,Burundi,1274.9,2003
138,Faroe Islands,1252.78,2003
139,Mozambique,1252.77,2003
140,Tanzania,1251.86,2003
141,Palestine,1251.76,2003
142,Mauritius,1249.44,2003
143,Solomon Islands,1249.22,2003
144,Swaziland,1239.35,2003
145,Guinea-Bissau,1236.07,2003
146,Malta,1232.57,2003
147,Mayotte,1213.51,2003
148,Central African Republic,1211.99,2003
149,Botswana,1190.55,2003
150,Singapore,1189.68,2003
151,Hong Kong,1185.78,2003
152,Vanuatu,1179.41,2003
153,Yemen,1179.27,2003
154,Namibia,1171.72,2003
155,Lesotho,1165.27,2003
156,Eritrea,1164.83,2003
157,Kyrgyzstan,1154.25,2003
158,Zanzibar,1153.94,2003
159,Myanmar,1145.92,2003
160,New Caledonia,1142.03,2003
161,Mauritania,1121.29,2003
162,French Guiana,1118.11,2003
163,India,1110.18,2003
164,Luxembourg,1095.11,2003
165,Antigua and Barbuda,1090.99,2003
166,Liechtenstein,1075.82,2003
167,São Tomé e Príncipe,1073.36,2003
168,Somalia,1066.02,2003
169,Gibraltar,1065.18,2003
170,Andorra,1061.18,2003
171,Papua New Guinea,1058.01,2003
172,Chinese Taipei,1039.03,2003
173,Equatorial Guinea,1037.43,2003
174,Bangladesh,1025.14,2003
175,Seychelles,1016.13,2003
176,Greenland,994.82,2003
177,Nicaragua,943.18,2003
178,San Marino,942.86,2003
179,Sri Lanka,937.81,2003
180,Maldives,914.82,2003
181,Laos,911.79,2003
182,Macau,870.75,2003
183,Nepal,866.27,2003
184,Pakistan,862.16,2003
185,Bahamas,850.99,2003
186,Comoros,840.49,2003
187,Afghanistan,821.07,2003
188,Mongolia,792.08,2003
189,Tuvalu,753.44,2003
190,Brunei,730.75,2003
191,Tonga,682.84,2003
192,Micronesia,591.8,2003
193,Kiribati,588.99,2003
194,Guam,585.99,2003
195,Bhutan,580.84,2003
1,France,2030.97,2004
2,Argentina,2016.34,2004
3,Brazil,1995.96,2004
4,Spain,1990.69,2004
5,Czech Republic,1982.07,2004
6,England,1963.82,2004
7,Netherlands,1960.91,2004
8,Italy,1926.12,2004
9,Portugal,1902.59,2004
10,Denmark,1885.54,2004
11,Germany,1872.99,2004
12,Mexico,1858.7,2004
13,Greece,1851.05,2004
14,Ireland,1844.04,2004
15,Turkey,1842.97,2004
16,Romania,1841.2,2004
17,United States,1835.29,2004
18,Croatia,1828.72,2004
19,Japan,1823.07,2004
20,Sweden,1820.62,2004
21,Australia,1810.05,2004
22,Uruguay,1804.92,2004
23,Paraguay,1789.87,2004
24,Nigeria,1783.74,2004
25,Belgium,1780.02,2004
26,Norway,1777.76,2004
27,Russia,1772.87,2004
28,Colombia,1760.17,2004
29,Poland,1757.72,2004
30,Iran,1750.39,2004
31,Cameroon,1736.19,2004
32,Bulgaria,1734.03,2004
33,Serbia and Montenegro,1733.62,2004
34,Senegal,1702.51,2004
35,Switzerland,1701.51,2004
36,Costa Rica,1698.05,2004
37,South Korea,1696.11,2004
38,Ecuador,1690.09,2004
39,Finland,1679.52,2004
40,Peru,1678.73,2004
41,Austria,1670.48,2004
42,Morocco,1669.36,2004
43,Egypt,1667.52,2004
44,Chile,1664.31,2004
45,Israel,1663.09,2004
46,Ukraine,1662.13,2004
47,Slovakia,1659.98,2004
48,Saudi Arabia,1659.67,2004
49,Tunisia,1656.14,2004
50,Honduras,1650.35,2004
51,Scotland,1648.67,2004
52,Venezuela,1648.21,2004
53,Slovenia,1647.8,2004
54,Wales,1639.23,2004
55,Ivory Coast,1625.9,2004
56,Jamaica,1616.86,2004
57,Jordan,1613.11,2004
58,China,1607.45,2004
59,Bosnia and Herzegovina,1605.16,2004
60,Canada,1582.1,2004
61,Bolivia,1580.51,2004
62,Guatemala,1578.24,2004
63,Belarus,1573.34,2004
64,South Africa,1572.28,2004
65,Hungary,1569.36,2004
66,Oman,1568.98,2004
67,Iceland,1566.9,2004
68,Bahrain,1566.13,2004
69,Iraq,1560.5,2004
70,Mali,1556.42,2004
71,Cuba,1549.51,2004
72,Uzbekistan,1543.98,2004
73,Albania,1533.46,2004
74,Guinea,1532.45,2004
75,New Zealand,1526.36,2004
76,Latvia,1518.96,2004
77,Georgia,1514.45,2004
78,Macedonia,1502.72,2004
79,Zimbabwe,1501.52,2004
80,Angola,1497.36,2004
81,Qatar,1492.35,2004
82,Northern Ireland,1491.06,2004
83,Algeria,1476.84,2004
84,Kuwait,1472.41,2004
85,Ghana,1467.83,2004
86,Zambia,1467.49,2004
87,Cyprus,1467.4,2004
88,Libya,1467.03,2004
89,Haiti,1462.92,2004
90,Togo,1461.49,2004
91,El Salvador,1460.86,2004
92,Kenya,1460.38,2004
93,Panama,1453.47,2004
94,Trinidad and Tobago,1448.13,2004
95,North Korea,1446.38,2004
96,Armenia,1442.8,2004
97,Dem. Rep. of Congo,1440.69,2004
98,Lithuania,1430.08,2004
99,United Arab Emirates,1427.09,2004
100,Turkmenistan,1425.24,2004
101,Syria,1420.75,2004
102,Martinique,1413.72,2004
103,Congo,1410.16,2004
104,Liberia,1409.78,2004
105,Tajikistan,1409.26,2004
106,Moldova,1405.82,2004
107,Burkina Faso,1401.01,2004
108,Thailand,1393.82,2004
109,Estonia,1391.91,2004
110,Uganda,1391.72,2004
111,Kazakhstan,1382.49,2004
112,Gabon,1367.44,2004
113,Azerbaijan,1366.91,2004
114,Guadeloupe,1360.45,2004
115,Lebanon,1355.18,2004
116,Rwanda,1351.3,2004
117,Cape Verde,1350.72,2004
118,Fiji,1347.33,2004
119,Barbados,1344.3,2004
120,Sudan,1343.88,2004
121,Mauritius,1341.93,2004
122,Saint Kitts and Nevis,1341.47,2004
123,Solomon Islands,1329.41,2004
124,Indonesia,1322.47,2004
125,Malawi,1305.95,2004
126,Benin,1300.58,2004
127,Ethiopia,1283.16,2004
128,Saint Vincent and the Grenadines,1281.12,2004
129,Grenada,1279.48,2004
130,Mozambique,1274.56,2004
131,Suriname,1270.29,2004
132,Palestine,1265.68,2004
133,Tahiti,1263.09,2004
134,Vietnam,1261.67,2004
135,Botswana,1257.04,2004
136,Malta,1256.2,2004
137,Burundi,1256.0,2004
138,Madagascar,1251.49,2004
139,Saint Lucia,1249.99,2004
140,Faroe Islands,1241.53,2004
141,Vanuatu,1223.83,2004
142,Tanzania,1220.81,2004
143,Bermuda,1218.5,2004
144,Malaysia,1213.67,2004
145,Hong Kong,1205.1,2004
146,Swaziland,1189.39,2004
147,New Caledonia,1188.22,2004
148,Netherlands Antilles,1182.64,2004
149,Kyrgyzstan,1169.37,2004
150,Lesotho,1168.53,2004
151,Singapore,1163.59,2004
152,India,1163.09,2004
153,Namibia,1157.73,2004
154,Yemen,1155.09,2004
155,Zanzibar,1154.03,2004
156,Myanmar,1138.99,2004
157,French Guiana,1130.11,2004
158,Belize,1128.71,2004
159,Antigua and Barbuda,1116.43,2004
160,Cayman Islands,1097.73,2004
161,Guyana,1086.85,2004
162,Dominican Republic,1075.56,2004
163,Liechtenstein,1074.4,2004
164,Dominica,1073.58,2004
165,Andorra,1064.55,2004
166,Luxembourg,1061.39,2004
167,Somalia,1057.89,2004
168,Saint Martin,1046.81,2004
169,Papua New Guinea,1041.24,2004
170,Chinese Taipei,1036.61,2004
171,Nicaragua,989.26,2004
172,Sri Lanka,962.34,2004
173,Maldives,960.79,2004
174,San Marino,949.48,2004
175,Aruba,939.44,2004
176,Laos,886.73,2004
177,Puerto Rico,875.82,2004
178,Cambodia,863.9,2004
179,British Virgin Islands,846.75,2004
180,Bahamas,839.37,2004
181,Turks and Caicos,765.27,2004
182,Tonga,712.36,2004
183,Samoa,692.27,2004
184,Cook Islands,684.68,2004
185,Timor-Leste,684.64,2004
186,Philippines,683.58,2004
187,US Virgin Islands,672.31,2004
188,Anguilla,553.39,2004
189,Montserrat,542.48,2004
190,American Samoa,376.24,2004
1,Brazil,2003.68,2005
2,Argentina,1989.52,2005
3,Netherlands,1984.92,2005
4,Czech Republic,1984.65,2005
5,England,1972.0,2005
6,France,1969.66,2005
7,Spain,1956.97,2005
8,Italy,1913.83,2005
9,Portugal,1900.88,2005
10,Sweden,1896.13,2005
11,Germany,1893.08,2005
12,Mexico,1880.51,2005
13,Denmark,1860.72,2005
14,Croatia,1856.86,2005
15,Greece,1853.42,2005
16,United States,1851.0,2005
17,Ireland,1849.1,2005
18,Romania,1827.76,2005
19,Japan,1825.81,2005
20,Turkey,1822.71,2005
21,Uruguay,1818.42,2005
22,Poland,1808.87,2005
23,Iran,1804.26,2005
24,Norway,1788.78,2005
25,Ukraine,1780.42,2005
26,Colombia,1779.31,2005
27,Serbia and Montenegro,1777.9,2005
28,Australia,1776.06,2005
29,Paraguay,1763.67,2005
30,Nigeria,1752.27,2005
31,Russia,1748.53,2005
32,Ecuador,1732.83,2005
33,Switzerland,1731.17,2005
34,Cameroon,1729.04,2005
35,Belgium,1721.78,2005
36,Costa Rica,1713.18,2005
37,Israel,1708.13,2005
38,Bulgaria,1700.78,2005
39,Egypt,1694.85,2005
40,Finland,1694.85,2005
41,Honduras,1691.01,2005
42,South Korea,1686.69,2005
43,Senegal,1685.84,2005
44,Slovakia,1677.79,2005
45,Chile,1672.85,2005
46,Morocco,1671.87,2005
47,Tunisia,1671.69,2005
48,Peru,1671.09,2005
49,Ivory Coast,1671.03,2005
50,Austria,1668.85,2005
51,Saudi Arabia,1658.24,2005
52,Jamaica,1651.45,2005
53,Slovenia,1639.24,2005
54,Scotland,1630.05,2005
55,China,1628.65,2005
56,Oman,1628.16,2005
57,Belarus,1615.79,2005
58,Bosnia and Herzegovina,1614.73,2005
59,Venezuela,1608.09,2005
60,Hungary,1604.15,2005
61,Wales,1596.79,2005
62,Guatemala,1581.88,2005
63,Bolivia,1580.38,2005
64,Uzbekistan,1577.59,2005
65,Cuba,1576.87,2005
66,Bahrain,1576.44,2005
67,South Africa,1575.9,2005
68,Canada,1566.4,2005
69,Jordan,1560.98,2005
70,Togo,1556.89,2005
71,Angola,1538.43,2005
72,Ghana,1530.76,2005
73,New Zealand,1523.31,2005
74,Qatar,1522.92,2005
75,Albania,1522.27,2005
76,Zimbabwe,1521.98,2005
77,Iceland,1519.1,2005
78,Guinea,1517.85,2005
79,Mali,1517.38,2005
80,Iraq,1516.65,2005
81,Libya,1514.51,2005
82,Zambia,1507.74,2005
83,Georgia,1506.5,2005
84,Trinidad and Tobago,1503.75,2005
85,Panama,1497.97,2005
86,Northern Ireland,1496.26,2005
87,Macedonia,1481.88,2005
88,Kuwait,1480.67,2005
89,Haiti,1480.29,2005
90,Latvia,1478.94,2005
91,North Korea,1473.33,2005
92,Syria,1469.52,2005
93,Lithuania,1467.78,2005
94,Northern Cyprus,1452.32,2005
95,Dem. Rep. of Congo,1450.93,2005
96,Cyprus,1447.87,2005
97,Algeria,1427.59,2005
98,United Arab Emirates,1423.3,2005
99,Moldova,1415.09,2005
100,Gabon,1411.48,2005
101,Kenya,1409.03,2005
102,Armenia,1407.01,2005
103,Estonia,1394.33,2005
104,Congo,1386.93,2005
105,El Salvador,1386.11,2005
106,Burkina Faso,1382.97,2005
107,Sudan,1380.93,2005
108,Kosovo,1376.68,2005
109,Azerbaijan,1363.41,2005
110,Solomon Islands,1362.78,2005
111,Guadeloupe,1355.52,2005
112,Turkmenistan,1353.16,2005
113,Cape Verde,1351.99,2005
114,Ethiopia,1346.45,2005
115,Saint Vincent and the Grenadines,1344.21,2005
116,Gambia,1343.33,2005
117,Lebanon,1339.35,2005
118,Liberia,1337.69,2005
119,Mauritius,1334.98,2005
120,Rwanda,1334.85,2005
121,Kazakhstan,1333.67,2005
122,Uganda,1331.13,2005
123,Sierra Leone,1326.33,2005
124,Tajikistan,1321.73,2005
125,Thailand,1316.86,2005
126,Fiji,1315.71,2005
127,Singapore,1310.37,2005
128,Botswana,1306.58,2005
129,Burundi,1303.99,2005
130,Malawi,1296.51,2005
131,Indonesia,1295.6,2005
132,Barbados,1293.69,2005
133,Chad,1288.49,2005
134,Mozambique,1279.05,2005
135,Benin,1277.5,2005
136,Reunion,1275.72,2005
137,Malta,1247.25,2005
138,Faroe Islands,1237.72,2005
139,Madagascar,1235.18,2005
140,Hong Kong,1226.77,2005
141,Guinea-Bissau,1226.5,2005
142,Grenada,1225.54,2005
143,Palestine,1219.81,2005
144,French Guiana,1215.5,2005
145,Central African Republic,1215.26,2005
146,Yemen,1214.21,2005
147,Malaysia,1205.38,2005
148,Swaziland,1193.12,2005
149,Bermuda,1174.38,2005
150,Namibia,1167.68,2005
151,India,1163.81,2005
152,Zanzibar,1153.74,2005
153,Lesotho,1142.93,2005
154,Eritrea,1140.74,2005
155,Tanzania,1139.11,2005
156,Antigua and Barbuda,1112.71,2005
157,Myanmar,1111.66,2005
158,Liechtenstein,1110.82,2005
159,Andorra,1106.56,2005
160,Belize,1097.75,2005
161,Guyana,1093.85,2005
162,Equatorial Guinea,1089.85,2005
163,Gibraltar,1084.0,2005
164,Seychelles,1047.46,2005
165,Somalia,1033.52,2005
166,Dominica,1031.21,2005
167,Nicaragua,1025.49,2005
168,Bangladesh,1013.71,2005
169,Luxembourg,1000.8,2005
170,Maldives,995.48,2005
171,Sri Lanka,978.38,2005
172,Chinese Taipei,977.8,2005
173,San Marino,942.96,2005
174,Monaco,897.0,2005
175,Puerto Rico,882.48,2005
176,Djibouti,869.82,2005
177,Pakistan,863.19,2005
178,Nepal,853.24,2005
179,Macau,829.81,2005
180,Cambodia,827.33,2005
181,Afghanistan,816.04,2005
182,Mongolia,774.37,2005
183,Bhutan,585.82,2005
184,Guam,541.53,2005
1,Brazil,2052.3,2006
2,France,2016.36,2006
3,Netherlands,1995.99,2006
4,Italy,1993.34,2006
5,England,1975.95,2006
6,Argentina,1960.6,2006
7,Spain,1940.97,2006
8,Germany,1934.67,2006
9,Czech Republic,1923.34,2006
10,Portugal,1916.52,2006
11,Denmark,1898.17,2006
12,Sweden,1869.51,2006
13,Romania,1858.5,2006
14,Croatia,1850.93,2006
15,Turkey,1831.98,2006
16,Uruguay,1831.57,2006
17,Mexico,1827.95,2006
18,Switzerland,1824.67,2006
19,Greece,1814.27,2006
20,United States,1807.75,2006
21,Ireland,1805.93,2006
22,Poland,1792.39,2006
23,Ukraine,1785.63,2006
24,Cameroon,1783.69,2006
25,Australia,1781.73,2006
26,Nigeria,1779.72,2006
27,Colombia,1776.07,2006
28,Iran,1769.91,2006
29,Paraguay,1768.81,2006
30,Serbia,1768.45,2006
31,Japan,1763.68,2006
32,Russia,1752.53,2006
33,Ivory Coast,1752.23,2006
34,Norway,1749.41,2006
35,Ecuador,1743.1,2006
36,Egypt,1737.76,2006
37,Honduras,1728.01,2006
38,Bulgaria,1725.88,2006
39,Israel,1717.02,2006
40,South Korea,1716.3,2006
41,Scotland,1705.44,2006
42,Chile,1703.95,2006
43,Belgium,1699.92,2006
44,Slovakia,1695.34,2006
45,Costa Rica,1679.83,2006
46,Tunisia,1672.52,2006
47,Senegal,1667.73,2006
48,Ghana,1663.6,2006
49,Peru,1651.33,2006
50,Finland,1651.25,2006
51,Morocco,1647.33,2006
52,Austria,1635.59,2006
53,Jamaica,1633.05,2006
54,Bosnia and Herzegovina,1609.88,2006
55,China,1609.68,2006
56,Venezuela,1607.44,2006
57,Guinea,1606.48,2006
58,Hungary,1596.58,2006
59,Oman,1593.99,2006
60,Saudi Arabia,1592.62,2006
61,Canada,1591.77,2006
62,Wales,1591.12,2006
63,Slovenia,1590.73,2006
64,Iraq,1588.08,2006
65,Angola,1580.05,2006
66,Belarus,1572.19,2006
67,Guatemala,1570.4,2006
68,Trinidad and Tobago,1566.64,2006
69,Uzbekistan,1560.79,2006
70,Bolivia,1559.77,2006
71,Qatar,1556.05,2006
72,Cuba,1551.49,2006
73,Mali,1531.34,2006
74,Zambia,1529.35,2006
75,Jordan,1522.52,2006
76,New Zealand,1520.88,2006
77,Albania,1515.1,2006
78,Northern Ireland,1511.43,2006
79,Georgia,1507.42,2006
80,Macedonia,1507.03,2006
81,Iceland,1502.86,2006
82,United Arab Emirates,1499.59,2006
83,Syria,1496.66,2006
84,North Korea,1494.74,2006
85,Bahrain,1492.54,2006
86,Zimbabwe,1491.82,2006
87,Panama,1488.59,2006
88,Lithuania,1487.65,2006
89,Dem. Rep. of Congo,1487.0,2006
90,Latvia,1481.09,2006
91,Haiti,1477.43,2006
92,Togo,1475.87,2006
93,Cyprus,1470.18,2006
94,South Africa,1467.42,2006
95,Northern Cyprus,1464.64,2006
96,Kuwait,1462.17,2006
97,Libya,1457.31,2006
98,Ethiopia,1442.05,2006
99,Moldova,1424.67,2006
100,Algeria,1416.65,2006
101,Estonia,1416.31,2006
102,Burkina Faso,1411.29,2006
103,Armenia,1393.48,2006
104,Gabon,1387.39,2006
105,El Salvador,1379.73,2006
106,Uganda,1376.81,2006
107,Kosovo,1372.09,2006
108,Guadeloupe,1370.86,2006
109,Congo,1361.13,2006
110,Martinique,1360.99,2006
111,Azerbaijan,1357.23,2006
112,Lebanon,1355.37,2006
113,Kenya,1351.01,2006
114,Saint Vincent and the Grenadines,1347.31,2006
115,Gambia,1341.98,2006
116,Kazakhstan,1337.72,2006
117,Singapore,1333.16,2006
118,Malawi,1329.72,2006
119,Tajikistan,1323.77,2006
120,Thailand,1317.64,2006
121,Sierra Leone,1316.78,2006
122,Cape Verde,1314.13,2006
123,Sudan,1314.0,2006
124,Botswana,1311.33,2006
125,Niger,1308.93,2006
126,Rwanda,1307.32,2006
127,Mauritius,1296.53,2006
128,Barbados,1291.96,2006
129,Mozambique,1291.74,2006
130,Indonesia,1286.43,2006
131,Liberia,1280.82,2006
132,Chad,1276.23,2006
133,Benin,1268.97,2006
134,Reunion,1268.42,2006
135,Malta,1254.68,2006
136,Saint Kitts and Nevis,1244.3,2006
137,Yemen,1241.68,2006
138,Suriname,1239.68,2006
139,Saint Lucia,1239.09,2006
140,Burundi,1235.47,2006
141,Hong Kong,1226.84,2006
142,Palestine,1222.05,2006
143,Central African Republic,1221.19,2006
144,Zanzibar,1215.86,2006
145,Mayotte,1215.58,2006
146,Grenada,1213.02,2006
147,Tanzania,1210.56,2006
148,Madagascar,1209.25,2006
149,Faroe Islands,1201.26,2006
150,Vietnam,1198.34,2006
151,Malaysia,1194.02,2006
152,Kyrgyzstan,1193.22,2006
153,Swaziland,1190.87,2006
154,Guyana,1183.38,2006
155,Namibia,1181.24,2006
156,Bermuda,1179.53,2006
157,Mauritania,1163.79,2006
158,Netherlands Antilles,1162.73,2006
159,Equatorial Guinea,1156.46,2006
160,India,1142.15,2006
161,Lesotho,1132.42,2006
162,Myanmar,1128.32,2006
163,Liechtenstein,1120.56,2006
164,Eritrea,1108.23,2006
165,Andorra,1100.95,2006
166,Antigua and Barbuda,1097.67,2006
167,Gibraltar,1088.61,2006
168,Seychelles,1071.46,2006
169,Dominican Republic,1061.57,2006
170,Cayman Islands,1048.47,2006
171,Saint Martin,1019.25,2006
172,Bangladesh,1017.68,2006
173,Somalia,1012.83,2006
174,Dominica,1009.33,2006
175,Luxembourg,981.73,2006
176,Greenland,973.15,2006
177,San Marino,938.92,2006
178,Chinese Taipei,936.38,2006
179,Sri Lanka,934.41,2006
180,Monaco,890.91,2006
181,Pakistan,890.37,2006
182,Laos,881.06,2006
183,Bahamas,854.81,2006
184,Djibouti,844.62,2006
185,Nepal,839.15,2006
186,Comoros,828.13,2006
187,Macau,820.15,2006
188,Cambodia,815.64,2006
189,Afghanistan,810.53,2006
190,Turks and Caicos,775.52,2006
191,Brunei,733.52,2006
192,Philippines,702.18,2006
193,US Virgin Islands,675.37,2006
194,Tibet,671.76,2006
195,Timor-Leste,650.17,2006
196,Bhutan,563.91,2006
197,Anguilla,556.17,2006
198,Guam,534.03,2006
1,Brazil,2071.75,2007
2,France,2045.78,2007
3,Italy,2024.02,2007
4,Argentina,2006.65,2007
5,Netherlands,1988.13,2007
6,Germany,1982.97,2007
7,England,1940.84,2007
8,Spain,1923.12,2007
9,Portugal,1906.02,2007
10,Croatia,1900.76,2007
11,Romania,1896.3,2007
12,Czech Republic,1890.44,2007
13,Denmark,1887.96,2007
14,Mexico,1861.47,2007
15,Turkey,1833.75,2007
16,Switzerland,1830.28,2007
17,Uruguay,1827.92,2007
18,Sweden,1814.7,2007
19,Greece,1807.19,2007
20,Colombia,1799.52,2007
21,Ukraine,1791.73,2007
22,Russia,1783.07,2007
23,Paraguay,1778.49,2007
24,Poland,1776.93,2007
25,Iran,1776.18,2007
26,Ivory Coast,1775.05,2007
27,United States,1772.15,2007
28,Cameroon,1770.41,2007
29,Ireland,1766.15,2007
30,Ghana,1764.62,2007
31,Bulgaria,1760.65,2007
32,Norway,1759.88,2007
33,Nigeria,1756.44,2007
34,Scotland,1754.68,2007
35,Serbia,1751.96,2007
36,Japan,1747.15,2007
37,Chile,1744.05,2007
38,Australia,1743.61,2007
39,Israel,1727.5,2007
40,Egypt,1719.07,2007
41,Ecuador,1718.28,2007
42,Slovakia,1701.68,2007
43,Honduras,1677.58,2007
44,South Korea,1666.05,2007
45,Finland,1664.8,2007
46,Morocco,1655.2,2007
47,Senegal,1653.81,2007
48,Costa Rica,1651.58,2007
49,Venezuela,1646.16,2007
50,Saudi Arabia,1646.12,2007
51,Belgium,1645.94,2007
52,Tunisia,1644.53,2007
53,Peru,1638.47,2007
54,Iraq,1623.5,2007
55,Canada,1620.56,2007
56,Austria,1613.29,2007
57,Guinea,1598.88,2007
58,Wales,1590.74,2007
59,Oman,1587.86,2007
60,Hungary,1587.15,2007
61,Bosnia and Herzegovina,1582.81,2007
62,China,1580.77,2007
63,Jamaica,1575.72,2007
64,Bolivia,1573.65,2007
65,Angola,1565.46,2007
66,Panama,1561.9,2007
67,Mali,1561.84,2007
68,Uzbekistan,1560.83,2007
69,Northern Ireland,1560.74,2007
70,Slovenia,1558.28,2007
71,Zambia,1553.4,2007
72,Belarus,1550.66,2007
73,Haiti,1546.2,2007
74,Georgia,1534.96,2007
75,Jordan,1534.74,2007
76,Macedonia,1532.75,2007
77,Guatemala,1522.14,2007
78,Cuba,1519.43,2007
79,Trinidad and Tobago,1518.93,2007
80,Albania,1511.31,2007
81,New Zealand,1506.3,2007
82,Lithuania,1505.49,2007
83,Cyprus,1500.43,2007
84,United Arab Emirates,1499.6,2007
85,Qatar,1494.87,2007
86,North Korea,1490.28,2007
87,Syria,1489.46,2007
88,South Africa,1482.73,2007
89,Bahrain,1473.76,2007
90,Iceland,1471.8,2007
91,Dem. Rep. of Congo,1464.49,2007
92,Zimbabwe,1457.3,2007
93,Kuwait,1456.43,2007
94,Northern Cyprus,1454.88,2007
95,Latvia,1442.38,2007
96,Togo,1440.92,2007
97,Libya,1432.28,2007
98,Moldova,1424.09,2007
99,Armenia,1417.45,2007
100,Algeria,1415.56,2007
101,Guadeloupe,1414.36,2007
102,Congo,1410.86,2007
103,Gabon,1407.23,2007
104,Uganda,1404.61,2007
105,Sudan,1401.0,2007
106,Estonia,1387.59,2007
107,Azerbaijan,1385.7,2007
108,Kosovo,1381.77,2007
109,Ethiopia,1379.08,2007
110,Martinique,1377.1,2007
111,Burkina Faso,1376.27,2007
112,Thailand,1369.47,2007
113,El Salvador,1360.96,2007
114,Kazakhstan,1355.68,2007
115,Turkmenistan,1349.02,2007
116,Saint Vincent and the Grenadines,1343.2,2007
117,Guyana,1341.37,2007
118,Solomon Islands,1340.59,2007
119,Lebanon,1335.25,2007
120,Gambia,1332.56,2007
121,Mozambique,1327.33,2007
122,Tanzania,1326.41,2007
123,Kenya,1324.63,2007
124,Tajikistan,1319.0,2007
125,Botswana,1318.13,2007
126,Benin,1318.05,2007
127,Fiji,1315.88,2007
128,Cape Verde,1309.84,2007
129,Singapore,1308.56,2007
130,Barbados,1302.07,2007
131,Indonesia,1299.13,2007
132,Rwanda,1293.72,2007
133,Malawi,1287.94,2007
134,Niger,1281.88,2007
135,Sierra Leone,1271.09,2007
136,Vietnam,1264.95,2007
137,Malta,1263.41,2007
138,Burundi,1262.52,2007
139,Liberia,1262.37,2007
140,Reunion,1258.94,2007
141,Chad,1253.51,2007
142,Yemen,1244.7,2007
143,Guinea-Bissau,1243.03,2007
144,Vanuatu,1239.37,2007
145,Tahiti,1237.65,2007
146,Namibia,1237.07,2007
147,Saint Kitts and Nevis,1227.59,2007
148,Zanzibar,1226.97,2007
149,New Caledonia,1223.09,2007
150,Hong Kong,1222.96,2007
151,Mauritius,1217.07,2007
152,French Guiana,1215.21,2007
153,Palestine,1214.48,2007
154,Equatorial Guinea,1213.95,2007
155,Mauritania,1207.57,2007
156,Mayotte,1197.9,2007
157,Madagascar,1196.06,2007
158,Central African Republic,1188.95,2007
159,Swaziland,1185.65,2007
160,Kyrgyzstan,1176.35,2007
161,Faroe Islands,1169.4,2007
162,Malaysia,1166.82,2007
163,Myanmar,1162.95,2007
164,Bermuda,1157.39,2007
165,Eritrea,1155.92,2007
166,Liechtenstein,1149.25,2007
167,Lesotho,1141.83,2007
168,India,1139.65,2007
169,Gibraltar,1107.35,2007
170,Andorra,1089.66,2007
171,Seychelles,1081.75,2007
172,Antigua and Barbuda,1067.29,2007
173,Belize,1055.77,2007
174,Nicaragua,1052.78,2007
175,Papua New Guinea,1047.06,2007
176,Maldives,1032.38,2007
177,Saint Martin,1009.9,2007
178,Luxembourg,1008.8,2007
179,Dominica,995.32,2007
180,Bangladesh,983.88,2007
181,Chinese Taipei,956.7,2007
182,Somalia,950.15,2007
183,Sri Lanka,944.3,2007
184,San Marino,932.68,2007
185,British Virgin Islands,902.1,2007
186,Pakistan,893.17,2007
187,Laos,885.05,2007
188,Comoros,855.39,2007
189,Nepal,837.64,2007
190,Afghanistan,810.58,2007
191,Cambodia,807.51,2007
192,Djibouti,804.11,2007
193,Mongolia,790.09,2007
194,Macau,789.17,2007
195,Philippines,762.53,2007
196,Tuvalu,743.65,2007
197,Tonga,712.18,2007
198,Samoa,690.84,2007
199,Cook Islands,686.33,2007
200,Tibet,661.9,2007
201,Timor-Leste,589.62,2007
202,Northern Mariana Islands,580.41,2007
203,Guam,569.92,2007
204,Bhutan,569.1,2007
205,American Samoa,366.53,2007
1,Brazil,2043.82,2008
2,Spain,2037.27,2008
3,Italy,2020.13,2008
4,Argentina,2004.37,2008
5,Netherlands,1999.61,2008
6,Germany,1964.6,2008
7,France,1952.66,2008
8,England,1933.38,2008
9,Croatia,1890.71,2008
10,Czech Republic,1888.68,2008
11,Romania,1882.3,2008
12,Mexico,1880.29,2008
13,Portugal,1856.36,2008
14,Russia,1834.93,2008
15,Denmark,1832.52,2008
16,Paraguay,1823.12,2008
17,Turkey,1821.72,2008
18,Uruguay,1811.57,2008
19,Greece,1804.07,2008
20,Colombia,1800.09,2008
21,Bulgaria,1799.38,2008
22,United States,1798.01,2008
23,Switzerland,1788.07,2008
24,Sweden,1780.16,2008
25,Egypt,1779.19,2008
26,Ireland,1773.57,2008
27,Japan,1768.14,2008
28,Chile,1764.33,2008
29,Poland,1763.73,2008
30,Cameroon,1761.98,2008
31,Iran,1760.8,2008
32,Israel,1754.41,2008
33,Ukraine,1751.17,2008
34,Ghana,1749.72,2008
35,Scotland,1748.26,2008
36,Serbia,1744.81,2008
37,Norway,1733.96,2008
38,Nigeria,1731.05,2008
39,Australia,1729.44,2008
40,Ivory Coast,1727.36,2008
41,Ecuador,1695.12,2008
42,Honduras,1693.55,2008
43,Montenegro,1680.76,2008
44,South Korea,1675.83,2008
45,Finland,1674.08,2008
46,Saudi Arabia,1668.08,2008
47,Venezuela,1662.85,2008
48,Morocco,1658.28,2008
49,Wales,1645.67,2008
50,Costa Rica,1642.17,2008
51,Slovakia,1630.49,2008
52,Belgium,1630.23,2008
53,Tunisia,1628.35,2008
54,Peru,1624.17,2008
55,Canada,1611.23,2008
56,Iraq,1609.57,2008
57,Lithuania,1598.86,2008
58,Guinea,1591.84,2008
59,Austria,1588.54,2008
60,Senegal,1586.33,2008
61,Bolivia,1584.43,2008
62,Uzbekistan,1582.64,2008
63,Hungary,1581.68,2008
64,Northern Ireland,1576.03,2008
65,Belarus,1575.17,2008
66,Jamaica,1566.42,2008
67,Macedonia,1565.18,2008
68,Panama,1558.81,2008
69,Slovenia,1558.19,2008
70,Mali,1556.28,2008
71,New Zealand,1551.9,2008
72,China,1549.21,2008
73,Zambia,1546.84,2008
74,Bosnia and Herzegovina,1544.42,2008
75,Syria,1534.07,2008
76,Cyprus,1532.83,2008
77,Angola,1532.42,2008
78,North Korea,1524.36,2008
79,Trinidad and Tobago,1521.63,2008
80,Bahrain,1520.7,2008
81,Jordan,1519.98,2008
82,Oman,1519.45,2008
83,Guatemala,1514.8,2008
84,Georgia,1512.3,2008
85,Latvia,1508.47,2008
86,Qatar,1502.22,2008
87,South Africa,1501.25,2008
88,Haiti,1494.55,2008
89,Albania,1492.57,2008
90,Libya,1487.1,2008
91,Moldova,1486.7,2008
92,Cuba,1474.31,2008
93,Gabon,1461.7,2008
94,Dem. Rep. of Congo,1454.07,2008
95,Guadeloupe,1453.57,2008
96,United Arab Emirates,1446.54,2008
97,Zimbabwe,1442.9,2008
98,Togo,1438.3,2008
99,Armenia,1430.15,2008
100,El Salvador,1427.44,2008
101,Kuwait,1427.26,2008
102,Iceland,1421.48,2008
103,Algeria,1419.61,2008
104,Thailand,1417.2,2008
105,Congo,1411.13,2008
106,Estonia,1406.8,2008
107,Uganda,1405.2,2008
108,Benin,1389.0,2008
109,Sudan,1385.9,2008
110,Rwanda,1383.34,2008
111,Burkina Faso,1375.89,2008
112,Martinique,1373.73,2008
113,Azerbaijan,1365.83,2008
114,Gambia,1365.77,2008
115,Kenya,1364.18,2008
116,Singapore,1361.29,2008
117,Kazakhstan,1360.31,2008
118,Mozambique,1358.53,2008
119,Tanzania,1331.6,2008
120,Botswana,1329.94,2008
121,Cape Verde,1324.18,2008
122,New Caledonia,1323.11,2008
123,Ethiopia,1322.61,2008
124,Turkmenistan,1318.19,2008
125,Malawi,1309.26,2008
126,Guyana,1301.09,2008
127,Barbados,1300.19,2008
128,Lebanon,1299.33,2008
129,Solomon Islands,1298.81,2008
130,Saint Vincent and the Grenadines,1290.59,2008
131,Indonesia,1281.34,2008
132,Namibia,1279.49,2008
133,Tajikistan,1279.26,2008
134,Vietnam,1275.03,2008
135,Fiji,1272.08,2008
136,Burundi,1267.79,2008
137,Reunion,1267.07,2008
138,Chad,1257.39,2008
139,Liberia,1250.66,2008
140,Suriname,1250.01,2008
141,Madagascar,1249.56,2008
142,Niger,1248.08,2008
143,Malta,1243.52,2008
144,Equatorial Guinea,1237.83,2008
145,Sierra Leone,1233.99,2008
146,Vanuatu,1227.79,2008
147,Grenada,1227.56,2008
148,Yemen,1222.28,2008
149,India,1210.07,2008
150,French Guiana,1204.74,2008
151,Hong Kong,1202.68,2008
152,Tahiti,1190.19,2008
153,Palestine,1187.72,2008
154,Mauritania,1186.22,2008
155,Liechtenstein,1184.65,2008
156,Kyrgyzstan,1172.71,2008
157,Mayotte,1169.42,2008
158,Myanmar,1166.38,2008
159,Swaziland,1165.61,2008
160,Faroe Islands,1160.41,2008
161,Malaysia,1158.04,2008
162,Netherlands Antilles,1155.07,2008
163,Antigua and Barbuda,1149.99,2008
164,Saint Kitts and Nevis,1147.59,2008
165,Saint Lucia,1141.74,2008
166,Bermuda,1136.79,2008
167,Lesotho,1134.04,2008
168,Mauritius,1123.39,2008
169,Belize,1091.22,2008
170,Maldives,1078.8,2008
171,Seychelles,1077.65,2008
172,Andorra,1058.54,2008
173,Luxembourg,1052.45,2008
174,Dominican Republic,1050.43,2008
175,Nicaragua,1025.42,2008
176,Dominica,995.05,2008
177,Cayman Islands,977.06,2008
178,Saint Martin,975.44,2008
179,Chinese Taipei,961.47,2008
180,Puerto Rico,957.24,2008
181,Sri Lanka,945.8,2008
182,Bangladesh,936.76,2008
183,San Marino,923.91,2008
184,Somalia,914.25,2008
185,Aruba,907.84,2008
186,British Virgin Islands,905.31,2008
187,Pakistan,877.14,2008
188,Laos,876.42,2008
189,Bahamas,874.05,2008
190,Nepal,873.14,2008
191,Comoros,837.77,2008
192,Turks and Caicos,823.82,2008
193,Afghanistan,815.18,2008
194,Djibouti,804.87,2008
195,Cambodia,792.8,2008
196,Philippines,790.33,2008
197,Macau,741.3,2008
198,Brunei,698.51,2008
199,US Virgin Islands,669.48,2008
200,Bhutan,629.23,2008
201,Timor-Leste,583.13,2008
202,Guam,567.53,2008
203,Anguilla,552.04,2008
204,Northern Mariana Islands,549.39,2008
205,Montserrat,538.46,2008
1,Spain,2097.02,2009
2,Brazil,2075.13,2009
3,Netherlands,2032.72,2009
4,England,1990.61,2009
5,Italy,1970.08,2009
6,Germany,1960.25,2009
7,Argentina,1921.15,2009
8,Croatia,1888.75,2009
9,Russia,1887.33,2009
10,France,1885.77,2009
11,Mexico,1839.49,2009
12,Portugal,1834.09,2009
13,Denmark,1833.49,2009
14,Uruguay,1829.0,2009
15,Chile,1826.97,2009
16,United States,1821.98,2009
17,Paraguay,1811.13,2009
18,Serbia,1810.15,2009
19,Turkey,1809.82,2009
20,Czech Republic,1806.7,2009
21,Switzerland,1801.35,2009
22,Ukraine,1794.7,2009
23,Romania,1791.35,2009
24,Bulgaria,1786.25,2009
25,Ireland,1780.02,2009
26,Greece,1775.77,2009
27,Japan,1770.76,2009
28,Sweden,1768.49,2009
29,Australia,1750.45,2009
30,Colombia,1741.96,2009
31,Nigeria,1739.96,2009
32,Cameroon,1738.31,2009
33,Ivory Coast,1738.3,2009
34,Honduras,1737.5,2009
35,South Korea,1735.05,2009
36,Costa Rica,1731.47,2009
37,Egypt,1728.94,2009
38,Israel,1728.92,2009
39,Ecuador,1724.89,2009
40,Norway,1721.77,2009
41,Iran,1720.13,2009
42,Ghana,1711.73,2009
43,Scotland,1706.66,2009
44,Poland,1705.64,2009
45,Venezuela,1694.03,2009
46,Saudi Arabia,1676.51,2009
47,Finland,1670.59,2009
48,Montenegro,1668.44,2009
49,Slovakia,1641.7,2009
50,Tunisia,1641.22,2009
51,Morocco,1628.35,2009
52,Jamaica,1628.15,2009
53,Bosnia and Herzegovina,1625.79,2009
54,Hungary,1625.26,2009
55,Bolivia,1613.89,2009
56,Wales,1612.5,2009
57,Lithuania,1605.82,2009
58,Oman,1604.58,2009
59,Bahrain,1600.87,2009
60,Canada,1596.04,2009
61,Slovenia,1594.18,2009
62,Belgium,1592.43,2009
63,Belarus,1582.98,2009
64,Syria,1580.69,2009
65,Austria,1576.52,2009
66,Northern Ireland,1576.49,2009
67,Peru,1569.93,2009
68,Panama,1563.22,2009
69,Macedonia,1561.33,2009
70,Trinidad and Tobago,1554.35,2009
71,Mali,1549.3,2009
72,Senegal,1544.78,2009
73,Latvia,1543.34,2009
74,Uzbekistan,1542.23,2009
75,South Africa,1540.18,2009
76,Cyprus,1538.81,2009
77,Iraq,1536.65,2009
78,Gabon,1535.64,2009
79,North Korea,1532.51,2009
80,China,1532.11,2009
81,Guinea,1530.0,2009
82,Qatar,1520.07,2009
83,Algeria,1508.4,2009
84,New Zealand,1506.69,2009
85,El Salvador,1503.72,2009
86,Libya,1493.21,2009
87,Uganda,1483.76,2009
88,Albania,1481.94,2009
89,Georgia,1478.93,2009
90,Jordan,1474.01,2009
91,Angola,1469.83,2009
92,Guadeloupe,1462.21,2009
93,Thailand,1459.82,2009
94,Zambia,1459.36,2009
95,Togo,1457.75,2009
96,Kuwait,1455.03,2009
97,Burkina Faso,1453.61,2009
98,Moldova,1441.29,2009
99,Iceland,1438.51,2009
100,Dem. Rep. of Congo,1434.29,2009
101,Guatemala,1433.12,2009
102,Estonia,1423.95,2009
103,Haiti,1418.19,2009
104,Benin,1413.64,2009
105,Mozambique,1411.56,2009
106,Congo,1407.18,2009
107,United Arab Emirates,1402.4,2009
108,Kenya,1400.19,2009
109,Zimbabwe,1393.48,2009
110,Armenia,1393.05,2009
111,Singapore,1387.1,2009
112,Sudan,1374.83,2009
113,Azerbaijan,1373.44,2009
114,Martinique,1373.1,2009
115,Rwanda,1367.05,2009
116,Tanzania,1363.73,2009
117,Vietnam,1348.14,2009
118,Kazakhstan,1347.12,2009
119,Cape Verde,1346.52,2009
120,Malawi,1328.96,2009
121,Ethiopia,1325.88,2009
122,Namibia,1316.19,2009
123,Reunion,1314.1,2009
124,Turkmenistan,1313.18,2009
125,Barbados,1308.44,2009
126,Botswana,1294.17,2009
127,Grenada,1273.05,2009
128,Tajikistan,1272.95,2009
129,Madagascar,1269.26,2009
130,Indonesia,1269.03,2009
131,Zanzibar,1257.0,2009
132,Lebanon,1256.72,2009
133,Saint Vincent and the Grenadines,1253.95,2009
134,Sierra Leone,1250.27,2009
135,Burundi,1244.68,2009
136,Suriname,1243.43,2009
137,India,1243.19,2009
138,Liberia,1239.9,2009
139,Antigua and Barbuda,1239.41,2009
140,Guyana,1236.8,2009
141,Malta,1224.93,2009
142,Yemen,1215.88,2009
143,Equatorial Guinea,1214.42,2009
144,French Guiana,1207.2,2009
145,Hong Kong,1202.1,2009
146,Eritrea,1190.33,2009
147,Faroe Islands,1190.18,2009
148,Myanmar,1181.96,2009
149,Palestine,1178.85,2009
150,Liechtenstein,1175.34,2009
151,Swaziland,1166.3,2009
152,Kyrgyzstan,1157.67,2009
153,Malaysia,1148.2,2009
154,Netherlands Antilles,1142.22,2009
155,Lesotho,1137.8,2009
156,Mayotte,1128.17,2009
157,Saint Kitts and Nevis,1120.87,2009
158,Maldives,1092.82,2009
159,Luxembourg,1090.6,2009
160,Belize,1085.7,2009
161,Nicaragua,1082.87,2009
162,Seychelles,1068.58,2009
163,Mauritius,1055.1,2009
164,Andorra,1039.77,2009
165,Dominica,985.67,2009
166,Cayman Islands,978.49,2009
167,Somalia,944.41,2009
168,Chinese Taipei,942.53,2009
169,Sri Lanka,935.76,2009
170,Nepal,923.81,2009
171,Bangladesh,923.45,2009
172,San Marino,915.19,2009
173,British Virgin Islands,893.33,2009
174,Pakistan,871.61,2009
175,Comoros,837.55,2009
176,Philippines,815.51,2009
177,Afghanistan,806.71,2009
178,Djibouti,798.38,2009
179,Mongolia,793.92,2009
180,Cambodia,773.05,2009
181,Cook Islands,719.32,2009
182,Macau,706.93,2009
183,Tonga,696.68,2009
184,Brunei,661.52,2009
185,Bhutan,637.85,2009
186,Guam,596.75,2009
187,Northern Mariana Islands,507.51,2009
1,Brazil,2106.61,2010
2,Spain,2102.19,2010
3,Netherlands,2034.1,2010
4,England,1989.8,2010
5,Germany,1954.04,2010
6,Italy,1952.51,2010
7,Argentina,1910.11,2010
8,Mexico,1893.09,2010
9,Croatia,1891.49,2010
10,France,1883.25,2010
11,Chile,1879.02,2010
12,Portugal,1874.83,2010
13,Russia,1849.51,2010
14,Serbia,1844.93,2010
15,Uruguay,1825.6,2010
16,Egypt,1818.23,2010
17,Denmark,1801.98,2010
18,Turkey,1791.21,2010
19,Ukraine,1784.93,2010
20,United States,1783.99,2010
21,Sweden,1782.47,2010
22,Switzerland,1779.85,2010
23,Australia,1779.25,2010
24,Ireland,1766.72,2010
25,Greece,1765.2,2010
26,Romania,1761.26,2010
27,Colombia,1758.64,2010
28,Paraguay,1758.33,2010
29,Norway,1753.84,2010
30,Honduras,1751.86,2010
31,South Korea,1750.6,2010
32,Bulgaria,1746.64,2010
33,Czech Republic,1743.69,2010
34,Japan,1740.96,2010
35,Ivory Coast,1735.39,2010
36,Israel,1728.17,2010
37,Ecuador,1721.44,2010
38,Venezuela,1721.4,2010
39,Cameroon,1717.29,2010
40,Nigeria,1708.58,2010
41,Costa Rica,1699.52,2010
42,Ghana,1683.75,2010
43,Saudi Arabia,1683.64,2010
44,Slovenia,1678.66,2010
45,Scotland,1675.61,2010
46,Poland,1667.68,2010
47,Finland,1667.24,2010
48,Iran,1666.11,2010
49,Montenegro,1658.64,2010
50,Slovakia,1658.5,2010
51,Bosnia and Herzegovina,1645.93,2010
52,Jamaica,1619.17,2010
53,Tunisia,1613.55,2010
54,Hungary,1612.8,2010
55,China,1605.69,2010
56,Wales,1600.64,2010
57,Canada,1600.46,2010
58,Bolivia,1597.0,2010
59,Austria,1595.36,2010
60,Oman,1594.48,2010
61,Belarus,1586.47,2010
62,Belgium,1585.66,2010
63,Macedonia,1584.88,2010
64,Lithuania,1584.33,2010
65,Northern Ireland,1570.6,2010
66,Syria,1565.72,2010
67,Latvia,1564.35,2010
68,Gabon,1563.14,2010
69,Cyprus,1560.26,2010
70,Senegal,1560.2,2010
71,Panama,1558.83,2010
72,Zambia,1555.72,2010
73,Mali,1554.42,2010
74,Uganda,1552.36,2010
75,Bahrain,1547.69,2010
76,Algeria,1545.75,2010
77,North Korea,1545.05,2010
78,Trinidad and Tobago,1538.53,2010
79,South Africa,1536.42,2010
80,New Zealand,1527.99,2010
81,Uzbekistan,1525.16,2010
82,Qatar,1522.65,2010
83,Kuwait,1507.16,2010
84,El Salvador,1505.19,2010
85,Albania,1501.55,2010
86,Libya,1489.86,2010
87,Burkina Faso,1477.1,2010
88,Guinea,1466.73,2010
89,Togo,1460.19,2010
90,Jordan,1458.18,2010
91,Iceland,1456.41,2010
92,Guadeloupe,1456.16,2010
93,Thailand,1454.38,2010
94,Angola,1453.41,2010
95,Estonia,1449.46,2010
96,Moldova,1445.5,2010
97,Georgia,1440.77,2010
98,Azerbaijan,1435.02,2010
99,Benin,1432.86,2010
100,Guatemala,1431.89,2010
101,Haiti,1431.26,2010
102,Dem. Rep. of Congo,1425.69,2010
103,United Arab Emirates,1422.36,2010
104,Gambia,1410.98,2010
105,Rwanda,1402.11,2010
106,Mozambique,1384.17,2010
107,Kosovo,1381.9,2010
108,Armenia,1377.52,2010
109,Malawi,1374.71,2010
110,Martinique,1374.43,2010
111,Cape Verde,1365.06,2010
112,Singapore,1357.47,2010
113,Turkmenistan,1348.32,2010
114,Vietnam,1346.54,2010
115,Tanzania,1336.66,2010
116,Kazakhstan,1336.64,2010
117,Sudan,1333.7,2010
118,Zimbabwe,1332.67,2010
119,Namibia,1322.83,2010
120,Kenya,1319.58,2010
121,Botswana,1303.89,2010
122,Yemen,1279.76,2010
123,Tajikistan,1273.83,2010
124,Sierra Leone,1259.27,2010
125,Indonesia,1258.62,2010
126,Niger,1253.38,2010
127,Grenada,1252.07,2010
128,Lebanon,1223.2,2010
129,Malta,1216.75,2010
130,Faroe Islands,1209.95,2010
131,Hong Kong,1208.28,2010
132,India,1187.43,2010
133,Palestine,1178.3,2010
134,Malaysia,1175.28,2010
135,Myanmar,1173.23,2010
136,Swaziland,1169.41,2010
137,Kyrgyzstan,1162.83,2010
138,Saint Kitts and Nevis,1147.84,2010
139,Curaçao,1132.7,2010
140,Luxembourg,1098.51,2010
141,Bonaire,1095.3,2010
142,Andorra,1025.77,2010
143,Sri Lanka,932.84,2010
144,Bangladesh,927.69,2010
145,Chinese Taipei,923.46,2010
146,Aruba,907.86,2010
147,Philippines,820.54,2010
